Duration,meanF0,stdevF0,hnr,localJitter,localabsoluteJitter,rapJitter,ppq5Jitter,ddpJitter,localShimmer,localdbShimmer,apq3Shimmer,aqpq5Shimmer,apq11Shimmer,ddaShimmer
3.691375,136.36880806625675,3.580153791218032,12.690913018536166,0.008117621909227456,5.953202856321556e-05,0.004263606082452518,0.004567528909791491,0.012790818247357555,0.0945959600716817,0.8472783328312348,0.05233443062055426,0.06154358197229937,0.07713426162343798,0.15700329186166279
