Duration,meanF0,stdevF0,hnr,localJitter,localabsoluteJitter,rapJitter,ppq5Jitter,ddpJitter,localShimmer,localdbShimmer,apq3Shimmer,aqpq5Shimmer,apq11Shimmer,ddaShimmer
4.0915,175.80300665115527,45.398712239868395,15.923789426527057,0.0054551946536380395,3.09713296824499e-05,0.003184648100425373,0.003109396581478638,0.009553944301276119,0.06272126753808538,0.5687264852599037,0.03296611293036351,0.03922892837620337,0.04894464774955966,0.09889833879109053
