meanF0,stdevF0,hnr,localJitter,localabsoluteJitter,rapJitter,ppq5Jitter,ddpJitter,localShimmer,localdbShimmer,apq3Shimmer,aqpq5Shimmer,apq11Shimmer,ddaShimmer
117.00278283319095,3.212304579129667,12.625077584999579,0.00930179430820969,7.950239424103859e-05,0.005035293777673566,0.0051242797121955645,0.015105881333020698,0.12264873944381961,1.1396808742228466,0.06093388924767759,0.07347859045416756,0.09287052918071,0.18280166774303278
