Duration,meanF0,stdevF0,hnr,localJitter,localabsoluteJitter,rapJitter,ppq5Jitter,ddpJitter,localShimmer,localdbShimmer,apq3Shimmer,aqpq5Shimmer,apq11Shimmer,ddaShimmer
1.516125,259.0670119947033,4.496585672997669,21.424198276787042,0.002914966392757556,1.1252109335995481e-05,0.0015428843755568432,0.001666619101593012,0.00462865312667053,0.03728270941321806,0.33935805305946165,0.018939596137572453,0.02300518774903468,0.029368838470174644,0.056818788412717355
