Duration,meanF0,stdevF0,hnr,localJitter,localabsoluteJitter,rapJitter,ppq5Jitter,ddpJitter,localShimmer,localdbShimmer,apq3Shimmer,aqpq5Shimmer,apq11Shimmer,ddaShimmer
3.34625,186.99177214871628,11.476923308810601,16.541421180512632,0.00943009373491444,5.038607265034075e-05,0.005158163775716463,0.006184427181533398,0.015474491327149387,0.11657968956090528,0.9850200298337597,0.05872203742215807,0.07509659303189993,0.09246474289896235,0.17616611226647422
