Duration,meanF0,stdevF0,hnr,localJitter,localabsoluteJitter,rapJitter,ppq5Jitter,ddpJitter,localShimmer,localdbShimmer,apq3Shimmer,aqpq5Shimmer,apq11Shimmer,ddaShimmer
1.710125,236.97822722229878,5.61096940010062,18.68266132746393,0.0037578487247361143,1.5851482011164714e-05,0.0017953921531973247,0.00226252982690068,0.005386176459591974,0.0715732771205663,0.5617315869276956,0.03328848465003214,0.043023277058257176,0.044596232315377723,0.09986545395009641
