meanF0,stdevF0,hnr,localJitter,localabsoluteJitter,rapJitter,ppq5Jitter,ddpJitter,localShimmer,localdbShimmer,apq3Shimmer,aqpq5Shimmer,apq11Shimmer,ddaShimmer
177.04969207390445,1.5584752155680714,22.143945557981795,0.00286643479589856,1.6189384890926903e-05,0.0015927390645543815,0.0016970360941507886,0.004778217193663144,0.03958815643994386,0.34762860826034286,0.020958084831097065,0.025092058626164374,0.03506953188388619,0.06287425449329119
