meanF0,stdevF0,hnr,localJitter,localabsoluteJitter,rapJitter,ppq5Jitter,ddpJitter,localShimmer,localdbShimmer,apq3Shimmer,aqpq5Shimmer,apq11Shimmer,ddaShimmer
226.09045828402913,4.5740099825248155,18.553592592237766,0.0046635466191958085,2.0627025866515175e-05,0.00203313571253269,0.0027105592124393686,0.00609940713759807,0.05290539573131372,0.4893660008888287,0.026808298295213237,0.03405802185577277,0.04803525147726027,0.08042489488563971
