Duration,meanF0,stdevF0,hnr,localJitter,localabsoluteJitter,rapJitter,ppq5Jitter,ddpJitter,localShimmer,localdbShimmer,apq3Shimmer,aqpq5Shimmer,apq11Shimmer,ddaShimmer
3.94875,178.44261836035722,28.195408025029298,17.902742950996696,0.005892040586749302,3.3035643648545254e-05,0.002592235058415578,0.003053394479010269,0.007776705175246734,0.07565605657144932,0.7356175950724988,0.03613198368042641,0.04778501314186635,0.06580132756631703,0.10839595104127922
