Duration,meanF0,stdevF0,hnr,localJitter,localabsoluteJitter,rapJitter,ppq5Jitter,ddpJitter,localShimmer,localdbShimmer,apq3Shimmer,aqpq5Shimmer,apq11Shimmer,ddaShimmer
5.487875,126.3538876817228,3.3751994450087968,13.645093038324132,0.006658142603755285,5.2701637546993045e-05,0.0037785540969869124,0.0034208514225813375,0.011335662290960738,0.06482032016495408,0.57154137036059,0.03420673938452391,0.042455543123394876,0.05733116578361105,0.10262021815357174
