meanF0,stdevF0,hnr,localJitter,localabsoluteJitter,rapJitter,ppq5Jitter,ddpJitter,localShimmer,localdbShimmer,apq3Shimmer,aqpq5Shimmer,apq11Shimmer,ddaShimmer
199.09045548011605,1.4961060764055834,21.811016675681643,0.0023810752841293375,1.195816497428084e-05,0.0012226736153472632,0.0014414907449598778,0.0036680208460417897,0.04763002370260992,0.4226734164148646,0.026303873725485517,0.028603952639169206,0.042622999504830415,0.07891162117645656
