meanF0,stdevF0,hnr,localJitter,localabsoluteJitter,rapJitter,ppq5Jitter,ddpJitter,localShimmer,localdbShimmer,apq3Shimmer,aqpq5Shimmer,apq11Shimmer,ddaShimmer
227.55838441071955,5.225681764436129,21.110011495748324,0.00729680557191805,3.212177842563923e-05,0.004110736077987248,0.004214832596478425,0.012332208233961743,0.04848443085322389,0.5739682990894286,0.025283276887443036,0.03198462599043674,0.045863730032214466,0.07584983066232912
