meanF0,stdevF0,hnr,localJitter,localabsoluteJitter,rapJitter,ppq5Jitter,ddpJitter,localShimmer,localdbShimmer,apq3Shimmer,aqpq5Shimmer,apq11Shimmer,ddaShimmer
185.425417909637,6.872649549647749,14.205520818915891,0.014162395777299245,7.632968237272855e-05,0.007769141481159805,0.009110834082171334,0.023307424443479413,0.11549961224363262,1.0315757919560005,0.061988990712424044,0.07376002208309988,0.08699926765911092,0.18596697213727215
