meanF0,stdevF0,hnr,localJitter,localabsoluteJitter,rapJitter,ppq5Jitter,ddpJitter,localShimmer,localdbShimmer,apq3Shimmer,aqpq5Shimmer,apq11Shimmer,ddaShimmer
105.97091069516088,2.4427381460492157,14.2405494390734,0.007236895003541705,6.830167636066334e-05,0.0031033413378568956,0.004658699867801718,0.009310024013570686,0.09701248526132744,0.8612760092552746,0.051135068502196235,0.06513772577869575,0.08126141107471865,0.1534052055065887
