Duration,meanF0,stdevF0,hnr,localJitter,localabsoluteJitter,rapJitter,ppq5Jitter,ddpJitter,localShimmer,localdbShimmer,apq3Shimmer,aqpq5Shimmer,apq11Shimmer,ddaShimmer
3.682375,161.32244158086303,2.327310184791995,20.720846693580256,0.0038427998143726527,2.3808382337062343e-05,0.0018226552394358896,0.002249122396511401,0.0054679657183076685,0.053082197735450525,0.5960759749204986,0.02282713976714921,0.03515419966811232,0.060201791434128765,0.06848141930144763
