meanF0,stdevF0,hnr,localJitter,localabsoluteJitter,rapJitter,ppq5Jitter,ddpJitter,localShimmer,localdbShimmer,apq3Shimmer,aqpq5Shimmer,apq11Shimmer,ddaShimmer
142.21680559367996,2.5491958952791363,18.066520939844303,0.0041841165965094676,2.9416354339931817e-05,0.002102971939035346,0.0025266891460889963,0.006308915817106037,0.06917786553900039,0.6123459433990545,0.03360506926872092,0.044205333017141926,0.06404072352351323,0.10081520780616277
