meanF0,stdevF0,hnr,localJitter,localabsoluteJitter,rapJitter,ppq5Jitter,ddpJitter,localShimmer,localdbShimmer,apq3Shimmer,aqpq5Shimmer,apq11Shimmer,ddaShimmer
202.41825656930317,4.0280756645718245,21.846484128839222,0.003272148791575698,1.6164017613148678e-05,0.00160448243618176,0.0017023812821281288,0.00481344730854528,0.04145365685697135,0.3709984368354394,0.01883912052432725,0.022771368133479363,0.03451607331724289,0.05651736157298175
