meanF0,stdevF0,hnr,localJitter,localabsoluteJitter,rapJitter,ppq5Jitter,ddpJitter,localShimmer,localdbShimmer,apq3Shimmer,aqpq5Shimmer,apq11Shimmer,ddaShimmer
110.26291993348316,8.659191024628523,15.480306999140387,0.005277341696633609,4.7860820598050136e-05,0.0027698782540424424,0.0033462367607351743,0.008309634762127326,0.09244969628497475,0.8275897447464146,0.04846762961412525,0.06278650448804504,0.08144518735296347,0.14540288884237573
