meanF0,stdevF0,hnr,localJitter,localabsoluteJitter,rapJitter,ppq5Jitter,ddpJitter,localShimmer,localdbShimmer,apq3Shimmer,aqpq5Shimmer,apq11Shimmer,ddaShimmer
125.70645582666165,1.783216144708127,14.86341018007793,0.007464365924758779,5.945041345818194e-05,0.00415120745430152,0.004910688330292304,0.012453622362904558,0.09105115423057386,0.871525514664767,0.046092218740747704,0.057621554437194106,0.08358373965011649,0.1382766562222431
