Duration,meanF0,stdevF0,hnr,localJitter,localabsoluteJitter,rapJitter,ppq5Jitter,ddpJitter,localShimmer,localdbShimmer,apq3Shimmer,aqpq5Shimmer,apq11Shimmer,ddaShimmer
5.484125,263.0866092217679,54.20413482928686,17.2031120649018,0.011171159594127572,4.2463683948594235e-05,0.005820555569016746,0.006168271671217669,0.01746166670705024,0.05584404062144518,0.667411506193759,0.028089725306740202,0.036733029264507756,0.0493580391385303,0.08426917592022061
