Duration,meanF0,stdevF0,hnr,localJitter,localabsoluteJitter,rapJitter,ppq5Jitter,ddpJitter,localShimmer,localdbShimmer,apq3Shimmer,aqpq5Shimmer,apq11Shimmer,ddaShimmer
2.722875,225.77863500924772,3.3117032510503974,18.829700083588484,0.0038174802867193534,1.6907097955449967e-05,0.0020232001191560368,0.002377598044950082,0.00606960035746811,0.06864058132623456,0.6079931180039073,0.03476480797329544,0.04346718309554836,0.06124160015294161,0.10429442391988632
