meanF0,stdevF0,hnr,localJitter,localabsoluteJitter,rapJitter,ppq5Jitter,ddpJitter,localShimmer,localdbShimmer,apq3Shimmer,aqpq5Shimmer,apq11Shimmer,ddaShimmer
225.70982073865656,4.043477724196335,22.57275758154109,0.0030984256042585257,1.372787215567424e-05,0.001550749675181917,0.0016391642712473226,0.004652249025545751,0.04606822505883548,0.4095462156133566,0.023874712925076626,0.028970654915457247,0.03366717080160635,0.07162413877522988
