meanF0,stdevF0,hnr,localJitter,localabsoluteJitter,rapJitter,ppq5Jitter,ddpJitter,localShimmer,localdbShimmer,apq3Shimmer,aqpq5Shimmer,apq11Shimmer,ddaShimmer
210.32169271657233,4.453022398385009,22.986092155694568,0.0023159283370702746,1.101103202848916e-05,0.0008994755792589872,0.001100089753858043,0.0026984267377769613,0.033506249226710305,0.29571609061463655,0.01802057160704409,0.021433026908067306,0.02994740706380066,0.05406171482113227
