Duration,meanF0,stdevF0,hnr,localJitter,localabsoluteJitter,rapJitter,ppq5Jitter,ddpJitter,localShimmer,localdbShimmer,apq3Shimmer,aqpq5Shimmer,apq11Shimmer,ddaShimmer
2.45325,170.98451892749037,6.871476818861469,13.131063130578495,0.009406276198926105,5.506192776180072e-05,0.004948372315813166,0.005528987998147,0.014845116947439497,0.11262449441696618,0.9747631212013015,0.05462331887185732,0.07083050503667873,0.10238771587520548,0.16386995661557197
