meanF0,stdevF0,hnr,localJitter,localabsoluteJitter,rapJitter,ppq5Jitter,ddpJitter,localShimmer,localdbShimmer,apq3Shimmer,aqpq5Shimmer,apq11Shimmer,ddaShimmer
231.66757132190452,13.131639332336338,21.599018873975773,0.0032969683662653947,1.422298348441898e-05,0.0016016273338098355,0.0018690063954394365,0.004804882001429507,0.036368082762627575,0.30057950123727134,0.019581482205425195,0.022547324977481596,0.02979382284074475,0.058744446616275585
