meanF0,stdevF0,hnr,localJitter,localabsoluteJitter,rapJitter,ppq5Jitter,ddpJitter,localShimmer,localdbShimmer,apq3Shimmer,aqpq5Shimmer,apq11Shimmer,ddaShimmer
125.10658259785416,2.9759570865342155,16.97517095818698,0.007026986763890366,5.604044886008258e-05,0.0039614538467582635,0.00429228689997736,0.01188436154027479,0.05502430061072936,0.4736147837193003,0.02895672679918724,0.03482503027652447,0.04576464960846091,0.08687018039756172
