meanF0,stdevF0,hnr,localJitter,localabsoluteJitter,rapJitter,ppq5Jitter,ddpJitter,localShimmer,localdbShimmer,apq3Shimmer,aqpq5Shimmer,apq11Shimmer,ddaShimmer
279.8382364165387,4.956530424286806,20.382407348693874,0.007749572985207933,2.7688855403147658e-05,0.004437631925790104,0.004894254277870425,0.013312895777370312,0.05473193964707738,0.4972401814953692,0.027900221314839397,0.03594171216337132,0.047170320215434804,0.0837006639445182
