meanF0,stdevF0,hnr,localJitter,localabsoluteJitter,rapJitter,ppq5Jitter,ddpJitter,localShimmer,localdbShimmer,apq3Shimmer,aqpq5Shimmer,apq11Shimmer,ddaShimmer
167.5215742237835,64.71078322804985,17.722818825261395,0.01431017635916392,8.567632927733273e-05,0.007718948453463606,0.008209598938948109,0.023156845360390817,0.06344754419697914,0.6586275244878259,0.03560288292810105,0.04062171383082071,0.05205294298972726,0.10680864878430316
