Duration,meanF0,stdevF0,hnr,localJitter,localabsoluteJitter,rapJitter,ppq5Jitter,ddpJitter,localShimmer,localdbShimmer,apq3Shimmer,aqpq5Shimmer,apq11Shimmer,ddaShimmer
3.3035,148.37643312530594,1.7402108492273218,18.94389801342568,0.0038819438754128825,2.6165929700811786e-05,0.002120075334598807,0.002387536685892806,0.006360226003796421,0.04145254029737556,0.4013257056823878,0.022026171287121674,0.02666518357854821,0.033489037663212484,0.06607851386136503
