Duration,meanF0,stdevF0,hnr,localJitter,localabsoluteJitter,rapJitter,ppq5Jitter,ddpJitter,localShimmer,localdbShimmer,apq3Shimmer,aqpq5Shimmer,apq11Shimmer,ddaShimmer
5.1315,159.97987449528318,2.201868535092468,21.21758778148079,0.00328613348254172,2.0536703711942516e-05,0.0014912248500348686,0.0015585832759000943,0.004473674550104606,0.04199813619294154,0.3502141753452772,0.022946297200745997,0.025554554017332354,0.033937170249573864,0.068838891602238
