Duration,meanF0,stdevF0,hnr,localJitter,localabsoluteJitter,rapJitter,ppq5Jitter,ddpJitter,localShimmer,localdbShimmer,apq3Shimmer,aqpq5Shimmer,apq11Shimmer,ddaShimmer
4.764125,173.99656654638133,3.3605416867252726,19.659250540379677,0.0038119018730193334,2.191275707164624e-05,0.0009578858921772814,0.0015483243346602975,0.0028736576765318444,0.03270135322876444,0.3494673179221427,0.0148720757229057,0.020601519466765555,0.03291763360342678,0.044616227168717104
