meanF0,stdevF0,hnr,localJitter,localabsoluteJitter,rapJitter,ppq5Jitter,ddpJitter,localShimmer,localdbShimmer,apq3Shimmer,aqpq5Shimmer,apq11Shimmer,ddaShimmer
204.7796117541355,7.033375592913275,18.38295201433865,0.005265441768243069,2.5702158574044695e-05,0.002816145605261013,0.003154302436528552,0.008448436815783038,0.05983947554846895,0.5563623472040004,0.02939124539701823,0.036852602871577204,0.047510950479188366,0.08817373619105469
