meanF0,stdevF0,hnr,localJitter,localabsoluteJitter,rapJitter,ppq5Jitter,ddpJitter,localShimmer,localdbShimmer,apq3Shimmer,aqpq5Shimmer,apq11Shimmer,ddaShimmer
202.72029944941232,2.223883533623532,16.03154398000865,0.004884475997956113,2.4094805926116302e-05,0.0028185111805279443,0.0026966940570439333,0.008455533541583833,0.09167026607514277,0.7882055479812285,0.04853249425173465,0.056401435669378254,0.07527404493275108,0.14559748275520396
