Duration,meanF0,stdevF0,hnr,localJitter,localabsoluteJitter,rapJitter,ppq5Jitter,ddpJitter,localShimmer,localdbShimmer,apq3Shimmer,aqpq5Shimmer,apq11Shimmer,ddaShimmer
7.208,169.56556324410928,1.759943735299518,19.167267578841333,0.0027976426979021175,1.6497976635695463e-05,0.001410280468643762,0.0016424400842257566,0.004230841405931286,0.06859267097770134,0.6120943837744864,0.030898287957619695,0.042507563382705164,0.06689844485310317,0.09269486387285908
