meanF0,stdevF0,hnr,localJitter,localabsoluteJitter,rapJitter,ppq5Jitter,ddpJitter,localShimmer,localdbShimmer,apq3Shimmer,aqpq5Shimmer,apq11Shimmer,ddaShimmer
111.00956828006152,2.5667713223344024,11.077559138226352,0.007026338041326972,6.323888507157142e-05,0.003649696779345114,0.0038946703909789183,0.010949090338035343,0.08756224117659084,0.7736301454680515,0.04928921201778714,0.05589468501053028,0.06382803153170691,0.14786763605336142
