meanF0,stdevF0,hnr,localJitter,localabsoluteJitter,rapJitter,ppq5Jitter,ddpJitter,localShimmer,localdbShimmer,apq3Shimmer,aqpq5Shimmer,apq11Shimmer,ddaShimmer
200.16635173899618,39.3721882049576,12.603645867995557,0.01242872802041559,6.216496992873153e-05,0.007206019900026945,0.006409581963209402,0.021618059700080836,0.08750682720988555,0.7981002846925912,0.047877034939539265,0.0556736337769247,0.06608991099360936,0.1436311048186178
