meanF0,stdevF0,hnr,localJitter,localabsoluteJitter,rapJitter,ppq5Jitter,ddpJitter,localShimmer,localdbShimmer,apq3Shimmer,aqpq5Shimmer,apq11Shimmer,ddaShimmer
190.5363227020287,2.22598594205882,20.444440339036156,0.004374213822049133,2.295655197573696e-05,0.002275447433403826,0.0025816962951812944,0.006826342300211478,0.056571911281085456,0.4988072029733392,0.0282982548835009,0.039371016074804914,0.05975931042130835,0.08489476465050269
