meanF0,stdevF0,hnr,localJitter,localabsoluteJitter,rapJitter,ppq5Jitter,ddpJitter,localShimmer,localdbShimmer,apq3Shimmer,aqpq5Shimmer,apq11Shimmer,ddaShimmer
294.6689897044668,6.087346191568385,17.730909221937512,0.004405299630480662,1.4950094154944404e-05,0.0025253802751847407,0.0023939227236829644,0.0075761408255542225,0.03645540535184261,0.3198442617205921,0.02041028871992717,0.023295104905794353,0.027781470794068685,0.0612308661597815
