Duration,meanF0,stdevF0,hnr,localJitter,localabsoluteJitter,rapJitter,ppq5Jitter,ddpJitter,localShimmer,localdbShimmer,apq3Shimmer,aqpq5Shimmer,apq11Shimmer,ddaShimmer
4.30225,208.31318812831057,2.0814234378558893,19.116042098762744,0.010678355829323976,5.13151538895869e-05,0.00611068855272431,0.006619843126048766,0.01833206565817293,0.09746430894004675,0.7783396840352943,0.04469523647079706,0.05446790728684384,0.053787917253535954,0.13408570941239117
