meanF0,stdevF0,hnr,localJitter,localabsoluteJitter,rapJitter,ppq5Jitter,ddpJitter,localShimmer,localdbShimmer,apq3Shimmer,aqpq5Shimmer,apq11Shimmer,ddaShimmer
157.9328401584957,5.835948188380776,18.171925135568674,0.004556460786087948,2.8844707304924805e-05,0.0021954336831804906,0.0024638025013693945,0.006586301049541472,0.06692030460761882,0.6059753432695119,0.035126997126124854,0.04506021733638471,0.059504684216928345,0.10538099137837456
