Duration,meanF0,stdevF0,hnr,localJitter,localabsoluteJitter,rapJitter,ppq5Jitter,ddpJitter,localShimmer,localdbShimmer,apq3Shimmer,aqpq5Shimmer,apq11Shimmer,ddaShimmer
13.754229166666667,111.29144899015672,1.217731378088423,16.19031871014237,0.004988919349516366,4.482610941252417e-05,0.0024291162023365224,0.0034275197268121174,0.007287348607009567,0.06359739884718953,0.5672776147640566,0.03503225371542921,0.04017252881905292,0.047185239226679464,0.10509676114628763
