meanF0,stdevF0,hnr,localJitter,localabsoluteJitter,rapJitter,ppq5Jitter,ddpJitter,localShimmer,localdbShimmer,apq3Shimmer,aqpq5Shimmer,apq11Shimmer,ddaShimmer
143.15348734255895,90.49985163383576,12.528732546137267,0.009293345927032758,6.539997752868425e-05,0.004594770644141769,0.004825378351557989,0.013784311932425308,0.09759968933338124,0.8735702945817169,0.047318049143475815,0.05755189045588689,0.07988671400485539,0.14195414743042745
