Duration,meanF0,stdevF0,hnr,localJitter,localabsoluteJitter,rapJitter,ppq5Jitter,ddpJitter,localShimmer,localdbShimmer,apq3Shimmer,aqpq5Shimmer,apq11Shimmer,ddaShimmer
8.958333333333334,115.06401044746374,1.4794937008928948,11.929670471994529,0.00515884272193879,4.483929650084987e-05,0.002669620164637039,0.0032580755320433083,0.008008860493911116,0.07867238504587529,0.6892282070894347,0.04269447612165915,0.04992104732978403,0.059798641116216134,0.12808342836497744
