Duration,meanF0,stdevF0,hnr,localJitter,localabsoluteJitter,rapJitter,ppq5Jitter,ddpJitter,localShimmer,localdbShimmer,apq3Shimmer,aqpq5Shimmer,apq11Shimmer,ddaShimmer
11.264,152.40443556292811,1.9974979118893952,19.77057610928936,0.004768739984756467,3.128937763631051e-05,0.002661735667024152,0.002797307196696131,0.007985207001072456,0.03641313415688913,0.3211578837005233,0.018372356899400758,0.022415827180755205,0.03425601159599838,0.05511707069820228
