meanF0,stdevF0,hnr,localJitter,localabsoluteJitter,rapJitter,ppq5Jitter,ddpJitter,localShimmer,localdbShimmer,apq3Shimmer,aqpq5Shimmer,apq11Shimmer,ddaShimmer
182.4213859767688,1.443484837986563,15.944607925081739,0.005564952831439521,3.050706216433857e-05,0.003253698970701365,0.0034605065519264255,0.009761096912104094,0.06939910742230077,0.6134526748405816,0.04050566505503153,0.04144971840949982,0.04630898468228483,0.1215169951650946
