meanF0,stdevF0,hnr,localJitter,localabsoluteJitter,rapJitter,ppq5Jitter,ddpJitter,localShimmer,localdbShimmer,apq3Shimmer,aqpq5Shimmer,apq11Shimmer,ddaShimmer
82.08721279301251,1.2562076020251112,17.364622460364544,0.0031780916565797867,3.8716319536148714e-05,0.0013142520359221694,0.0017731586438385068,0.003942756107766508,0.05493892803334482,0.48252554737938386,0.030562179893885853,0.03359287888905878,0.04123197305496417,0.09168653968165756
