Duration,meanF0,stdevF0,hnr,localJitter,localabsoluteJitter,rapJitter,ppq5Jitter,ddpJitter,localShimmer,localdbShimmer,apq3Shimmer,aqpq5Shimmer,apq11Shimmer,ddaShimmer
3.7393541666666668,107.26436476913533,1.2295478991805593,18.13255284564611,0.0046585282030119565,4.3431461163588326e-05,0.0023694188691035767,0.002783582306154418,0.00710825660731073,0.04318760886801911,0.3803666814738884,0.019894218449775257,0.026194610867374825,0.045159500911209266,0.05968265534932577
