Duration,meanF0,stdevF0,hnr,localJitter,localabsoluteJitter,rapJitter,ppq5Jitter,ddpJitter,localShimmer,localdbShimmer,apq3Shimmer,aqpq5Shimmer,apq11Shimmer,ddaShimmer
7.731104166666666,105.25926434450544,2.120987468091196,16.906243685667484,0.006061887372217927,5.758614979039689e-05,0.0033260418729057083,0.003592932866476539,0.009978125618717125,0.0633815453798436,0.5684603686975687,0.03454560905859771,0.04013328647114484,0.04859925216010315,0.10363682717579312
