Duration,meanF0,stdevF0,hnr,localJitter,localabsoluteJitter,rapJitter,ppq5Jitter,ddpJitter,localShimmer,localdbShimmer,apq3Shimmer,aqpq5Shimmer,apq11Shimmer,ddaShimmer
15.764416666666667,111.0856924586717,1.415853016318031,15.85782454852602,0.005001881897037819,4.50257313441806e-05,0.0024249752629368487,0.0034723323928114156,0.007274925788810546,0.04436421396237593,0.38241906076416776,0.024920462778563166,0.027786826943995185,0.032546604702831876,0.0747613883356895
