meanF0,stdevF0,hnr,localJitter,localabsoluteJitter,rapJitter,ppq5Jitter,ddpJitter,localShimmer,localdbShimmer,apq3Shimmer,aqpq5Shimmer,apq11Shimmer,ddaShimmer
149.8541771907766,1.295975909396174,17.964523241339787,0.0034663117304041635,2.313073060828489e-05,0.0019177315602949422,0.0021549995756731015,0.0057531946808848265,0.07556907183037408,0.6774146363955694,0.04073146317763864,0.04705639145144687,0.059275329827020926,0.12219438953291592
