Duration,meanF0,stdevF0,hnr,localJitter,localabsoluteJitter,rapJitter,ppq5Jitter,ddpJitter,localShimmer,localdbShimmer,apq3Shimmer,aqpq5Shimmer,apq11Shimmer,ddaShimmer
10.157,191.58226418194425,16.262510475789718,19.270623783404133,0.005752273481007899,2.9985641524973018e-05,0.003145250250613085,0.0031626277816019493,0.009435750751839255,0.04307951776503771,0.3691240284253643,0.022520359864350473,0.025084722257889717,0.02777375086792367,0.06756107959305142
