meanF0,stdevF0,hnr,localJitter,localabsoluteJitter,rapJitter,ppq5Jitter,ddpJitter,localShimmer,localdbShimmer,apq3Shimmer,aqpq5Shimmer,apq11Shimmer,ddaShimmer
113.8508294522387,1.2039400577704304,12.89524086770599,0.005822624327101608,5.114276332962598e-05,0.0030861097251307736,0.00377277856776995,0.009258329175392321,0.06261391180527544,0.5510729465376225,0.034743745484360905,0.03930837864871025,0.047869891614031636,0.10423123645308272
