Duration,meanF0,stdevF0,hnr,localJitter,localabsoluteJitter,rapJitter,ppq5Jitter,ddpJitter,localShimmer,localdbShimmer,apq3Shimmer,aqpq5Shimmer,apq11Shimmer,ddaShimmer
8.913666666666666,114.42143094445427,1.169091111646036,12.330914802155597,0.005286225321991166,4.620624449222111e-05,0.002780997646019527,0.0032009555474838574,0.008342992938058581,0.07310818465267345,0.621240773429832,0.04218565781306343,0.04409403936286131,0.05090390351956872,0.12655697343919028
