meanF0,stdevF0,hnr,localJitter,localabsoluteJitter,rapJitter,ppq5Jitter,ddpJitter,localShimmer,localdbShimmer,apq3Shimmer,aqpq5Shimmer,apq11Shimmer,ddaShimmer
167.17774783644927,4.892353706786718,18.84552749957759,0.011106397393083046,6.643642652511368e-05,0.006629199840772393,0.006665405015961643,0.01988759952231718,0.16060830259285133,1.4166987750422786,0.09041609519445218,0.10163092983420267,0.11015609017383261,0.27124828558335656
