meanF0,stdevF0,hnr,localJitter,localabsoluteJitter,rapJitter,ppq5Jitter,ddpJitter,localShimmer,localdbShimmer,apq3Shimmer,aqpq5Shimmer,apq11Shimmer,ddaShimmer
169.34678724017164,2.4181789016196,20.37160013846292,0.008635860842416661,5.099648600454735e-05,0.00499866189742025,0.005369919644447345,0.014995985692260749,0.09590422851065063,0.843516425262832,0.05427886562947752,0.061201315780093316,0.06663376647955438,0.16283659688843255
