meanF0,stdevF0,hnr,localJitter,localabsoluteJitter,rapJitter,ppq5Jitter,ddpJitter,localShimmer,localdbShimmer,apq3Shimmer,aqpq5Shimmer,apq11Shimmer,ddaShimmer
102.93455749392261,3.4114590265595854,22.892070428740244,0.007987715111459438,7.758831895444046e-05,0.004083528846374201,0.004579217803075061,0.012250586539122603,0.08114493929042665,0.7050445995893029,0.045729077879328714,0.051512194940292085,0.05766518667731645,0.13718723363798613
