meanF0,stdevF0,hnr,localJitter,localabsoluteJitter,rapJitter,ppq5Jitter,ddpJitter,localShimmer,localdbShimmer,apq3Shimmer,aqpq5Shimmer,apq11Shimmer,ddaShimmer
104.28012579932023,2.7279740028240833,22.483263356020505,0.007985683909201114,7.65845543458961e-05,0.0043008987881389795,0.004573107335866162,0.01290269636441694,0.09020099113436271,0.7903479307440102,0.050598914830327676,0.05814231463031495,0.07152594586734691,0.15179674449098302
