Duration,meanF0,stdevF0,hnr,localJitter,localabsoluteJitter,rapJitter,ppq5Jitter,ddpJitter,localShimmer,localdbShimmer,apq3Shimmer,aqpq5Shimmer,apq11Shimmer,ddaShimmer
24.331979166666667,223.49877938336618,7.730644880656337,29.953151541660354,0.0029733305830290037,1.330159617148891e-05,0.00178082405118844,0.0018059082004939068,0.00534247215356532,0.02224717893513276,0.19320480450177382,0.012089449588269623,0.01559279862576962,0.022481365674921785,0.03626834876480887
