Duration,meanF0,stdevF0,hnr,localJitter,localabsoluteJitter,rapJitter,ppq5Jitter,ddpJitter,localShimmer,localdbShimmer,apq3Shimmer,aqpq5Shimmer,apq11Shimmer,ddaShimmer
22.8829375,225.92586222529783,11.016264905090516,31.30823680924139,0.0024795679554714873,1.097563334633989e-05,0.0014279611160523352,0.0015060282359663786,0.0042838833481570054,0.018944363495138564,0.1691700428646163,0.009748208821412646,0.013390358363691192,0.021814105032474586,0.029244626464237936
