meanF0,stdevF0,hnr,localJitter,localabsoluteJitter,rapJitter,ppq5Jitter,ddpJitter,localShimmer,localdbShimmer,apq3Shimmer,aqpq5Shimmer,apq11Shimmer,ddaShimmer
168.1151356784178,4.676800458871536,24.32351375532536,0.0065873754300899605,3.918415151215699e-05,0.0037155980235335515,0.0038822031081272275,0.011146794070600655,0.10618023584788076,0.9185909803216752,0.06108788593898357,0.06652257512630366,0.06960619125533547,0.18326365781695073
