Duration,meanF0,stdevF0,hnr,localJitter,localabsoluteJitter,rapJitter,ppq5Jitter,ddpJitter,localShimmer,localdbShimmer,apq3Shimmer,aqpq5Shimmer,apq11Shimmer,ddaShimmer
8.9658125,171.34212606832656,4.193971281203565,23.494560196147855,0.006219220900287589,3.6294200903867464e-05,0.0034927121386379677,0.0036810594963963125,0.010478136415913903,0.12393370154023828,1.0808816332205706,0.07244756916950713,0.07634301534094558,0.08195437224054512,0.21734270750852142
