Duration,meanF0,stdevF0,hnr,localJitter,localabsoluteJitter,rapJitter,ppq5Jitter,ddpJitter,localShimmer,localdbShimmer,apq3Shimmer,aqpq5Shimmer,apq11Shimmer,ddaShimmer
25.593125,181.64874144788197,2.706436713909405,23.469745005581164,0.004483371450743351,2.469073178142284e-05,0.0025300550604976865,0.0026885528925245884,0.00759016518149306,0.052890285095418654,0.4606821277480999,0.029470622405250498,0.03375189921198409,0.03916675277972429,0.08841186721575149
