meanF0,stdevF0,hnr,localJitter,localabsoluteJitter,rapJitter,ppq5Jitter,ddpJitter,localShimmer,localdbShimmer,apq3Shimmer,aqpq5Shimmer,apq11Shimmer,ddaShimmer
180.025128887472,12.128861750875469,24.615978706216715,0.006061935173586934,3.368068489639493e-05,0.0034583818024496457,0.003508257679457233,0.010375145407348938,0.04534543408043613,0.3944459084018496,0.025265441091991844,0.0290088403578501,0.03381887304975979,0.07579632327597553
