Duration,meanF0,stdevF0,hnr,localJitter,localabsoluteJitter,rapJitter,ppq5Jitter,ddpJitter,localShimmer,localdbShimmer,apq3Shimmer,aqpq5Shimmer,apq11Shimmer,ddaShimmer
15.411645833333333,118.91971763780168,1.762181437307922,22.888560839173035,0.004951837685529883,4.163923853930709e-05,0.0026515896613085255,0.0028361492762193946,0.007954768983925577,0.06217078801121865,0.5405765174914021,0.034685031015820246,0.040050419259597,0.046769104929642244,0.10405509304746074
