Duration,meanF0,stdevF0,hnr,localJitter,localabsoluteJitter,rapJitter,ppq5Jitter,ddpJitter,localShimmer,localdbShimmer,apq3Shimmer,aqpq5Shimmer,apq11Shimmer,ddaShimmer
13.016479166666667,119.46451492094242,2.0206993389709513,22.867357154570897,0.005946886001249238,4.9777550855320906e-05,0.0032637397874230676,0.003456891554608508,0.009791219362269203,0.05300623555657465,0.46087600603128565,0.029740716885930014,0.03372504271835233,0.03919957527772991,0.08922215065779004
