Duration,meanF0,stdevF0,hnr,localJitter,localabsoluteJitter,rapJitter,ppq5Jitter,ddpJitter,localShimmer,localdbShimmer,apq3Shimmer,aqpq5Shimmer,apq11Shimmer,ddaShimmer
9.580770833333334,263.09807823095167,2.848277069696724,27.158621696890016,0.0029020143951795966,1.1029763725807106e-05,0.0016528168338552122,0.001797385364274713,0.004958450501565637,0.02890636497690635,0.2617260628339838,0.014515947078333433,0.01938925150632904,0.03190015977741758,0.0435478412350003
