meanF0,stdevF0,hnr,localJitter,localabsoluteJitter,rapJitter,ppq5Jitter,ddpJitter,localShimmer,localdbShimmer,apq3Shimmer,aqpq5Shimmer,apq11Shimmer,ddaShimmer
258.308967417126,4.282467706727124,28.533076567632875,0.0029334369327075147,1.1355165662697873e-05,0.0017001299444084652,0.0018192441422728673,0.005100389833225395,0.03253705861280858,0.29054007277445926,0.017011843694000106,0.02236627422832875,0.034619374669118706,0.05103553108200032
