meanF0,stdevF0,hnr,localJitter,localabsoluteJitter,rapJitter,ppq5Jitter,ddpJitter,localShimmer,localdbShimmer,apq3Shimmer,aqpq5Shimmer,apq11Shimmer,ddaShimmer
105.84920779161816,1.9652190931323756,22.33104339794643,0.007958173505768681,7.518552584765843e-05,0.004391798646100416,0.0046596021830918955,0.013175395938301249,0.05248103619139781,0.46153170918749664,0.028574094649997064,0.03347902837861968,0.04514056797774187,0.0857222839499912
