Duration,meanF0,stdevF0,hnr,localJitter,localabsoluteJitter,rapJitter,ppq5Jitter,ddpJitter,localShimmer,localdbShimmer,apq3Shimmer,aqpq5Shimmer,apq11Shimmer,ddaShimmer
17.046479166666668,108.30560465861878,3.2581290695969916,21.28198581828557,0.008590246020040168,7.931486637512195e-05,0.0048280370415859225,0.004974329932266964,0.014484111124757768,0.06010171339364846,0.529822317439617,0.03253035928073699,0.037811017005135415,0.04815688582628094,0.09759107784221097
