Duration,meanF0,stdevF0,hnr,localJitter,localabsoluteJitter,rapJitter,ppq5Jitter,ddpJitter,localShimmer,localdbShimmer,apq3Shimmer,aqpq5Shimmer,apq11Shimmer,ddaShimmer
21.513729166666668,206.24921478460362,2.92061242280564,25.020225879891345,0.005358651279163726,2.5982216809962185e-05,0.0031765297876371144,0.0031659330071398726,0.009529589362911343,0.029817261861082137,0.25799102110691635,0.016576521524145127,0.019436329395060375,0.022951348914874763,0.04972956457243538
