meanF0,stdevF0,hnr,localJitter,localabsoluteJitter,rapJitter,ppq5Jitter,ddpJitter,localShimmer,localdbShimmer,apq3Shimmer,aqpq5Shimmer,apq11Shimmer,ddaShimmer
205.01846201075824,2.311108668697387,26.107355836415476,0.003978267714450155,1.9405631009496375e-05,0.0024121076751467125,0.0023676419133530245,0.007236323025440137,0.029561409359493068,0.25582002739462567,0.016580802771652955,0.019149393717913098,0.022555355937241187,0.049742408314958866
