Duration,meanF0,stdevF0,hnr,localJitter,localabsoluteJitter,rapJitter,ppq5Jitter,ddpJitter,localShimmer,localdbShimmer,apq3Shimmer,aqpq5Shimmer,apq11Shimmer,ddaShimmer
20.257229166666665,104.26628451970772,2.433497026209875,28.12879480398423,0.00456290966207441,4.376894787428704e-05,0.002408550498439382,0.002507168993636184,0.0072256514953181455,0.03979401602630451,0.34886056945486793,0.02256103477872138,0.025818679124463836,0.029959941034381158,0.06768310433616415
