Duration,meanF0,stdevF0,hnr,localJitter,localabsoluteJitter,rapJitter,ppq5Jitter,ddpJitter,localShimmer,localdbShimmer,apq3Shimmer,aqpq5Shimmer,apq11Shimmer,ddaShimmer
17.488583333333334,98.5971461782113,3.3272029927149784,28.72593145801222,0.006366272426303969,6.458526959335257e-05,0.00337968082953126,0.0036026820317417384,0.010139042488593781,0.05142563218112647,0.4501013609710175,0.029198768029232932,0.032932436299599244,0.041250721533562684,0.08759630408769879
