Duration,meanF0,stdevF0,hnr,localJitter,localabsoluteJitter,rapJitter,ppq5Jitter,ddpJitter,localShimmer,localdbShimmer,apq3Shimmer,aqpq5Shimmer,apq11Shimmer,ddaShimmer
19.693416666666668,159.66943494134583,2.9351423178801057,26.942609877100114,0.0032721732061885165,2.0492197982540602e-05,0.0016554084112548845,0.001911461725636284,0.004966225233764653,0.03650642617135071,0.3397870582990704,0.0184333222480701,0.025204671292854693,0.03730219734876405,0.055299966744210304
