Duration,meanF0,stdevF0,hnr,localJitter,localabsoluteJitter,rapJitter,ppq5Jitter,ddpJitter,localShimmer,localdbShimmer,apq3Shimmer,aqpq5Shimmer,apq11Shimmer,ddaShimmer
30.5785,165.6286995013178,2.8077776402417776,28.176642879419344,0.003570334299833288,2.155804896275074e-05,0.0019313640425329055,0.0020787745716797134,0.005794092127598716,0.036590572344862834,0.33281245790746167,0.01833658502138056,0.023992662002291897,0.035550959720840124,0.05500975506414168
