Duration,meanF0,stdevF0,hnr,localJitter,localabsoluteJitter,rapJitter,ppq5Jitter,ddpJitter,localShimmer,localdbShimmer,apq3Shimmer,aqpq5Shimmer,apq11Shimmer,ddaShimmer
19.5539375,113.14133882360332,2.7545349815213807,22.32879374462263,0.006188178988921373,5.469497179757398e-05,0.0030666494815601926,0.003377905926716463,0.009199948444680578,0.047355957772515944,0.4036697832645544,0.02590866806997542,0.03063568984344678,0.04024801316090447,0.07772600420992626
