Duration,meanF0,stdevF0,hnr,localJitter,localabsoluteJitter,rapJitter,ppq5Jitter,ddpJitter,localShimmer,localdbShimmer,apq3Shimmer,aqpq5Shimmer,apq11Shimmer,ddaShimmer
22.932833333333335,105.14653205130203,2.3584082336267356,22.61702394289924,0.006112207767137436,5.81323062841454e-05,0.003146475993901863,0.003467702737524831,0.009439427981705589,0.04931964109822434,0.42865222927868823,0.027130696557921635,0.031407055250232054,0.04093836102524499,0.0813920896737649
