meanF0,stdevF0,hnr,localJitter,localabsoluteJitter,rapJitter,ppq5Jitter,ddpJitter,localShimmer,localdbShimmer,apq3Shimmer,aqpq5Shimmer,apq11Shimmer,ddaShimmer
182.2545224527959,13.17566627388138,27.303304468404487,0.0038342009176798608,2.1040027414281506e-05,0.0021547640356018487,0.0022434977083134254,0.006464292106805546,0.0354898686267393,0.30993431192597576,0.019883424549669546,0.023040521924860717,0.02671193586678527,0.05965027364900864
