meanF0,stdevF0,hnr,localJitter,localabsoluteJitter,rapJitter,ppq5Jitter,ddpJitter,localShimmer,localdbShimmer,apq3Shimmer,aqpq5Shimmer,apq11Shimmer,ddaShimmer
176.78373090134798,10.058991322833489,28.607578139117326,0.003687376090093757,2.0856823938529053e-05,0.0022067708238756633,0.0022276338453934823,0.00662031247162699,0.03654906748492697,0.3162677465319871,0.02036952243630951,0.024027169389451198,0.028928202407970595,0.06110856730892853
