Duration,meanF0,stdevF0,hnr,localJitter,localabsoluteJitter,rapJitter,ppq5Jitter,ddpJitter,localShimmer,localdbShimmer,apq3Shimmer,aqpq5Shimmer,apq11Shimmer,ddaShimmer
15.962041666666666,107.09615095843064,3.5615152328410886,19.1797743546025,0.010065663110890428,9.398850928075462e-05,0.005767643575613221,0.005978033261324724,0.017302930726839666,0.07747624596446123,0.6739584479804266,0.04342516493399621,0.04920644527798975,0.05672427971306469,0.13027549480198863
