Duration,meanF0,stdevF0,hnr,localJitter,localabsoluteJitter,rapJitter,ppq5Jitter,ddpJitter,localShimmer,localdbShimmer,apq3Shimmer,aqpq5Shimmer,apq11Shimmer,ddaShimmer
10.278333333333334,104.85444776566293,3.2415584033947007,19.64924103127493,0.0123291736989008,0.0001175883778451351,0.006748218130647284,0.007025781329582874,0.02024465439194185,0.08141359081679518,0.713445795372221,0.045529872614617745,0.05153401276802447,0.06029675445102255,0.13658961784385323
