Duration,meanF0,stdevF0,hnr,localJitter,localabsoluteJitter,rapJitter,ppq5Jitter,ddpJitter,localShimmer,localdbShimmer,apq3Shimmer,aqpq5Shimmer,apq11Shimmer,ddaShimmer
15.8348125,98.0272572195465,2.2196381352571057,28.598849616395306,0.00523498822449867,5.3405036796561106e-05,0.0027390538525709856,0.0030444394623465798,0.008217161557712956,0.04352209601944988,0.3594846553978366,0.024157026737458658,0.028419374699732644,0.03723160127705467,0.07247108021237597
