meanF0,stdevF0,hnr,localJitter,localabsoluteJitter,rapJitter,ppq5Jitter,ddpJitter,localShimmer,localdbShimmer,apq3Shimmer,aqpq5Shimmer,apq11Shimmer,ddaShimmer
99.22098262116171,2.578527058067704,29.43458052962764,0.00593637563954673,5.983136452275871e-05,0.003288279268505569,0.0034381726206937544,0.009864837805516707,0.04565160827953541,0.3962345555821695,0.025682178416697926,0.029869077401283497,0.03791985474993763,0.07704653525009378
