meanF0,stdevF0,hnr,localJitter,localabsoluteJitter,rapJitter,ppq5Jitter,ddpJitter,localShimmer,localdbShimmer,apq3Shimmer,aqpq5Shimmer,apq11Shimmer,ddaShimmer
153.87781797449088,8.762624277632662,22.722768764594548,0.006456851722952962,4.1993926193487074e-05,0.0035471046976770413,0.0038355212890049707,0.010641314093031123,0.05762013860024766,0.5046739374529889,0.03265906403476238,0.03765935278150241,0.04395232136234068,0.09797719210428715
