Duration,meanF0,stdevF0,hnr,localJitter,localabsoluteJitter,rapJitter,ppq5Jitter,ddpJitter,localShimmer,localdbShimmer,apq3Shimmer,aqpq5Shimmer,apq11Shimmer,ddaShimmer
9.732666666666667,151.59918990467816,4.317202051695987,20.558898566380805,0.008200085191866463,5.408875445701366e-05,0.004672451104574461,0.0046646039342226435,0.014017353313723384,0.07480067542603394,0.6523487880371376,0.042433570574504385,0.04769676017234956,0.053262326780858855,0.12730071172351315
