Duration,meanF0,stdevF0,hnr,localJitter,localabsoluteJitter,rapJitter,ppq5Jitter,ddpJitter,localShimmer,localdbShimmer,apq3Shimmer,aqpq5Shimmer,apq11Shimmer,ddaShimmer
19.569479166666667,102.55688097409184,1.007734788309018,26.262665254918854,0.0038339954367486067,3.738431271843768e-05,0.002073116022908268,0.0022791431871700485,0.006219348068724804,0.03625055814470908,0.322750096360342,0.019752883524213997,0.025395415419958475,0.03698384186490463,0.05925865057264199
