meanF0,stdevF0,hnr,localJitter,localabsoluteJitter,rapJitter,ppq5Jitter,ddpJitter,localShimmer,localdbShimmer,apq3Shimmer,aqpq5Shimmer,apq11Shimmer,ddaShimmer
102.34551994550844,1.1543260889022062,25.776242812449752,0.004186353007704085,4.090492979199533e-05,0.0022645855858528367,0.002392703183405609,0.0067937567575585105,0.03367346109833877,0.289370051307308,0.01801967006248647,0.02352922932662636,0.035315026981049935,0.05405901018745941
