meanF0,stdevF0,hnr,localJitter,localabsoluteJitter,rapJitter,ppq5Jitter,ddpJitter,localShimmer,localdbShimmer,apq3Shimmer,aqpq5Shimmer,apq11Shimmer,ddaShimmer
118.44609379661432,3.343063557118025,22.40091321570576,0.0070819511699185015,5.978609958596731e-05,0.003799498759779287,0.004281021685157678,0.011398496279337861,0.04937302665361158,0.45099840121727897,0.026456394455889046,0.03302516063061095,0.04723958428417424,0.07936918336766714
