Duration,meanF0,stdevF0,hnr,localJitter,localabsoluteJitter,rapJitter,ppq5Jitter,ddpJitter,localShimmer,localdbShimmer,apq3Shimmer,aqpq5Shimmer,apq11Shimmer,ddaShimmer
22.129270833333333,117.92696525156312,3.476329166407085,19.143752500488304,0.010494754135891193,8.90070975540095e-05,0.005987731933248466,0.006299160250705235,0.017963195799745396,0.08524869386531474,0.7450542263640807,0.04736719961377238,0.05459270011610691,0.06547117329244373,0.14210159884131712
