Duration,meanF0,stdevF0,hnr,localJitter,localabsoluteJitter,rapJitter,ppq5Jitter,ddpJitter,localShimmer,localdbShimmer,apq3Shimmer,aqpq5Shimmer,apq11Shimmer,ddaShimmer
26.020541666666666,222.5263415570405,4.12179678928084,23.36120486301023,0.008211397767374787,3.689590417001998e-05,0.0048398622270305145,0.0049295684752708666,0.014519586681091544,0.04712917990488516,0.4155399127561101,0.026170722254983486,0.030664335196886154,0.03814904413062187,0.07851216676495046
