meanF0,stdevF0,hnr,localJitter,localabsoluteJitter,rapJitter,ppq5Jitter,ddpJitter,localShimmer,localdbShimmer,apq3Shimmer,aqpq5Shimmer,apq11Shimmer,ddaShimmer
218.28885076169385,2.3550477440262187,26.601547372430765,0.00455011061425891,2.0845799887828538e-05,0.0026468777987817232,0.0027605915582094476,0.00794063339634517,0.0305856519303767,0.2739803910397614,0.016365226592169185,0.020320804503287826,0.028585840067998185,0.049095679776507556
