meanF0,stdevF0,hnr,localJitter,localabsoluteJitter,rapJitter,ppq5Jitter,ddpJitter,localShimmer,localdbShimmer,apq3Shimmer,aqpq5Shimmer,apq11Shimmer,ddaShimmer
220.3245910767664,2.428460174767212,29.009654451816395,0.0043730453187980295,1.984892119121214e-05,0.002614401284130227,0.002684366376337027,0.00784320385239068,0.039032179853590386,0.33764224306946805,0.022413585725414416,0.024856231601594492,0.02892236531353176,0.06724075717624325
