Duration,meanF0,stdevF0,hnr,localJitter,localabsoluteJitter,rapJitter,ppq5Jitter,ddpJitter,localShimmer,localdbShimmer,apq3Shimmer,aqpq5Shimmer,apq11Shimmer,ddaShimmer
28.416145833333335,205.93669457926222,1.7758092647510753,29.150293258885082,0.004012016602027469,1.948203075171456e-05,0.0024164877394476252,0.0025012045727731227,0.007249463218342876,0.03679343270865299,0.32126783245094265,0.02100418443888738,0.02335025438737315,0.02736367530753263,0.06301255331666214
