meanF0,stdevF0,hnr,localJitter,localabsoluteJitter,rapJitter,ppq5Jitter,ddpJitter,localShimmer,localdbShimmer,apq3Shimmer,aqpq5Shimmer,apq11Shimmer,ddaShimmer
140.9527073106941,47.33554213134639,17.979644930140108,0.013095269244131917,9.282490655704725e-05,0.007267879883360674,0.008115604421090394,0.021803639650082023,0.09529080278156352,0.844272747128712,0.05461544779593899,0.06044138907131244,0.06750828711656928,0.16384634338781698
