meanF0,stdevF0,hnr,localJitter,localabsoluteJitter,rapJitter,ppq5Jitter,ddpJitter,localShimmer,localdbShimmer,apq3Shimmer,aqpq5Shimmer,apq11Shimmer,ddaShimmer
163.9750274040631,47.65038769831837,23.202503032645115,0.007436502282496029,4.5304065235758715e-05,0.0038967612235787626,0.0048700106110139045,0.011690283670736289,0.06124165785889454,0.5867077553042351,0.03495773025148478,0.03932997076005117,0.04585073374771982,0.10487319075445434
