Duration,meanF0,stdevF0,hnr,localJitter,localabsoluteJitter,rapJitter,ppq5Jitter,ddpJitter,localShimmer,localdbShimmer,apq3Shimmer,aqpq5Shimmer,apq11Shimmer,ddaShimmer
19.589229166666666,105.80472044129701,3.0410864851398585,20.908241098666924,0.01288418709435232,0.00012177896854898194,0.0073026479428819156,0.007473788748220946,0.02190794382864575,0.14454698118989223,1.2610388896101785,0.08139816965188049,0.09273907451399287,0.10711915370326996,0.24419450895564146
