Duration,meanF0,stdevF0,hnr,localJitter,localabsoluteJitter,rapJitter,ppq5Jitter,ddpJitter,localShimmer,localdbShimmer,apq3Shimmer,aqpq5Shimmer,apq11Shimmer,ddaShimmer
17.204625,104.58763617840619,2.384478133008313,24.047439726359737,0.009751159071423054,9.323879696028797e-05,0.005433911724844913,0.005766386999694451,0.01630173517453474,0.08938781225176412,0.7907144710081544,0.05017935067567152,0.057390850210025116,0.06952865515094264,0.15053805202701456
