meanF0,stdevF0,hnr,localJitter,localabsoluteJitter,rapJitter,ppq5Jitter,ddpJitter,localShimmer,localdbShimmer,apq3Shimmer,aqpq5Shimmer,apq11Shimmer,ddaShimmer
144.11968146020703,6.208539622986618,27.760105118547084,0.006364192656798355,4.4175562777792206e-05,0.0034822230964266228,0.003673441170903001,0.010446669289279868,0.032314102740529045,0.2834088533946868,0.017412532613880947,0.02171954136571865,0.02894628017353503,0.05223759784164284
