Duration,meanF0,stdevF0,hnr,localJitter,localabsoluteJitter,rapJitter,ppq5Jitter,ddpJitter,localShimmer,localdbShimmer,apq3Shimmer,aqpq5Shimmer,apq11Shimmer,ddaShimmer
13.627270833333334,151.65794852962148,9.34212302843902,24.906873354021887,0.006711896640672348,4.428442358380568e-05,0.0038509912026989837,0.003950038562836707,0.01155297360809695,0.04170854849440772,0.3666835518212642,0.022715225236483273,0.028314313340009563,0.03585851061144344,0.06814567570944982
