Duration,meanF0,stdevF0,hnr,localJitter,localabsoluteJitter,rapJitter,ppq5Jitter,ddpJitter,localShimmer,localdbShimmer,apq3Shimmer,aqpq5Shimmer,apq11Shimmer,ddaShimmer
7.671125,144.6161283836123,3.965095840185042,29.946047743325835,0.0045936015183010645,3.176771861510482e-05,0.0025174532059661454,0.0026759938960020514,0.007552359617898436,0.02483824436439331,0.22608295381984583,0.010296303295815611,0.016403384466064798,0.025964124773979157,0.030888909887446834
