meanF0,stdevF0,hnr,localJitter,localabsoluteJitter,rapJitter,ppq5Jitter,ddpJitter,localShimmer,localdbShimmer,apq3Shimmer,aqpq5Shimmer,apq11Shimmer,ddaShimmer
131.47847952288527,45.643818540677316,22.90395607588373,0.010192596592904586,7.756418729759585e-05,0.0059647138064938725,0.006063518093691748,0.01789414141948162,0.05557206585791688,0.5609648674940079,0.031118972808307496,0.03571013245729468,0.041042159277574215,0.09335691842492248
