meanF0,stdevF0,hnr,localJitter,localabsoluteJitter,rapJitter,ppq5Jitter,ddpJitter,localShimmer,localdbShimmer,apq3Shimmer,aqpq5Shimmer,apq11Shimmer,ddaShimmer
102.67625988288098,29.636916826019025,15.73078073038442,0.010785186865123265,0.00010508950177028238,0.0063794558844212325,0.0063676802917054555,0.019138367653263696,0.15657001877228705,1.3733258308748761,0.08648497089759426,0.09750224411970701,0.10870234596585077,0.25945491269278276
