Duration,meanF0,stdevF0,hnr,localJitter,localabsoluteJitter,rapJitter,ppq5Jitter,ddpJitter,localShimmer,localdbShimmer,apq3Shimmer,aqpq5Shimmer,apq11Shimmer,ddaShimmer
15.2546875,193.66468063505843,2.1790551685556747,22.728340313680096,0.007655523509259702,3.953140469215295e-05,0.004586507763528057,0.004638839087761597,0.01375952329058417,0.06764489466166401,0.5904646005495298,0.038182919153526146,0.043508121170965516,0.05187601387683139,0.11454875746057844
