meanF0,stdevF0,hnr,localJitter,localabsoluteJitter,rapJitter,ppq5Jitter,ddpJitter,localShimmer,localdbShimmer,apq3Shimmer,aqpq5Shimmer,apq11Shimmer,ddaShimmer
195.14501532199344,1.9924250832078043,23.871743851124627,0.004642758966427437,2.37917459159979e-05,0.002770523392132658,0.0027966673142732377,0.008311570176397973,0.05377110771057243,0.4671787156388941,0.030449659723343157,0.03500653602311606,0.04001959603783494,0.09134897917002947
