Duration,meanF0,stdevF0,hnr,localJitter,localabsoluteJitter,rapJitter,ppq5Jitter,ddpJitter,localShimmer,localdbShimmer,apq3Shimmer,aqpq5Shimmer,apq11Shimmer,ddaShimmer
17.828791666666667,109.3510632418663,7.814359132226828,11.3628721252901,0.023336547634150228,0.00021344803221465074,0.013235588425972571,0.01384031058886654,0.039706765277917715,0.12406503541772532,0.966819173027397,0.06541541947857744,0.07799945075258045,0.10251911423261154,0.19624625843573235
