Duration,meanF0,stdevF0,hnr,localJitter,localabsoluteJitter,rapJitter,ppq5Jitter,ddpJitter,localShimmer,localdbShimmer,apq3Shimmer,aqpq5Shimmer,apq11Shimmer,ddaShimmer
20.1804375,112.05585513479654,4.890141807593276,5.263027745687626,0.05481466733292792,0.0004893266400610483,0.03547429629177672,0.02430736737578784,0.10642288887533016,0.26194148580182186,1.816298082584994,0.13722571485133722,0.14937779003841206,0.16353599884834732,0.41167714455401166
