Duration,meanF0,stdevF0,hnr,localJitter,localabsoluteJitter,rapJitter,ppq5Jitter,ddpJitter,localShimmer,localdbShimmer,apq3Shimmer,aqpq5Shimmer,apq11Shimmer,ddaShimmer
10.55125,125.45241469200914,4.210881117674417,24.63130874178925,0.010269786451377503,8.187752637994133e-05,0.005292137302019719,0.005588320113144072,0.015876411906059158,0.062112262435972274,0.5389714524123339,0.03535252386746094,0.03931612249108618,0.05110111597713282,0.10605757160238283
