meanF0,stdevF0,hnr,localJitter,localabsoluteJitter,rapJitter,ppq5Jitter,ddpJitter,localShimmer,localdbShimmer,apq3Shimmer,aqpq5Shimmer,apq11Shimmer,ddaShimmer
125.09425072230866,2.985889269633296,23.853590511990774,0.007997949652233697,6.393987040873624e-05,0.004204322512657716,0.00442102617029715,0.012612967537973148,0.057471990549933405,0.5012784318756358,0.032128904635023825,0.03659136048617591,0.04416636752722219,0.09638671390507147
