meanF0,stdevF0,hnr,localJitter,localabsoluteJitter,rapJitter,ppq5Jitter,ddpJitter,localShimmer,localdbShimmer,apq3Shimmer,aqpq5Shimmer,apq11Shimmer,ddaShimmer
153.2526650958031,47.89534524675097,21.858812024355828,0.004877537287103966,3.178710568436708e-05,0.0027516750057262336,0.0027763619696831434,0.0082550250171787,0.08579689108674778,0.7788429143204173,0.04901287288256902,0.054502423625673625,0.0601641135973845,0.14703861864770706
