Duration,meanF0,stdevF0,hnr,localJitter,localabsoluteJitter,rapJitter,ppq5Jitter,ddpJitter,localShimmer,localdbShimmer,apq3Shimmer,aqpq5Shimmer,apq11Shimmer,ddaShimmer
10.240083333333333,200.97235549404002,2.9983999020214194,21.71866153581861,0.009130333241754683,4.543329245264645e-05,0.0052531071520993495,0.005543147127669136,0.015759321456298048,0.0678572061946356,0.5911527237989678,0.03792560593565515,0.04412130192232334,0.050535100831928054,0.11377681780696546
