Duration,meanF0,stdevF0,hnr,localJitter,localabsoluteJitter,rapJitter,ppq5Jitter,ddpJitter,localShimmer,localdbShimmer,apq3Shimmer,aqpq5Shimmer,apq11Shimmer,ddaShimmer
5.86475,154.84694595726478,5.452600866410346,21.60449905080953,0.008848898222679355,5.714587126876044e-05,0.005093681161688338,0.00528934102037554,0.015281043485065014,0.07762597412325552,0.676717390254175,0.04424594648314863,0.04866094757830812,0.05575482519523105,0.1327378394494459
