Duration,meanF0,stdevF0,hnr,localJitter,localabsoluteJitter,rapJitter,ppq5Jitter,ddpJitter,localShimmer,localdbShimmer,apq3Shimmer,aqpq5Shimmer,apq11Shimmer,ddaShimmer
9.627645833333334,147.6020196755647,17.702804275452092,19.805116627206935,0.006315026478858281,4.277041894168441e-05,0.0036938488240492715,0.0035838730497522527,0.011081546472147815,0.13989584335296104,1.2215558068224524,0.0775493014753221,0.08759385225830825,0.09480763352852403,0.2326479044259663
