Duration,meanF0,stdevF0,hnr,localJitter,localabsoluteJitter,rapJitter,ppq5Jitter,ddpJitter,localShimmer,localdbShimmer,apq3Shimmer,aqpq5Shimmer,apq11Shimmer,ddaShimmer
18.06875,170.29153750205003,40.649131196785326,21.715542710746455,0.006820138578137765,4.0007849697851296e-05,0.004049813863470156,0.004119724992307263,0.012149441590410467,0.06178581583993326,0.5499173584363265,0.0343840005003716,0.03986571064901195,0.04699269645184908,0.10315200150111481
