meanF0,stdevF0,hnr,localJitter,localabsoluteJitter,rapJitter,ppq5Jitter,ddpJitter,localShimmer,localdbShimmer,apq3Shimmer,aqpq5Shimmer,apq11Shimmer,ddaShimmer
181.5300232013491,37.863514313358976,27.48217593485518,0.004574281752525903,2.5205212029448832e-05,0.0027254132740165424,0.0026554898494360176,0.008176239822049628,0.039143524446187336,0.3553525565504459,0.022118682919833352,0.025581019913018588,0.03226869901339942,0.06635604875950006
