meanF0,stdevF0,hnr,localJitter,localabsoluteJitter,rapJitter,ppq5Jitter,ddpJitter,localShimmer,localdbShimmer,apq3Shimmer,aqpq5Shimmer,apq11Shimmer,ddaShimmer
206.2983612367098,7.494766935928032,27.28906579729386,0.006256984676259696,3.0332639276174355e-05,0.003773924267065194,0.0037230194481148657,0.011321772801195581,0.04342514602557368,0.3799842261163806,0.024329403790458656,0.0289009099212909,0.03597552515073049,0.07298821137137597
