Duration,meanF0,stdevF0,hnr,localJitter,localabsoluteJitter,rapJitter,ppq5Jitter,ddpJitter,localShimmer,localdbShimmer,apq3Shimmer,aqpq5Shimmer,apq11Shimmer,ddaShimmer
18.927333333333333,195.8960766705209,7.3885066678281355,28.996260716424242,0.004129445525148071,2.1080647390582435e-05,0.002418782198886189,0.0025480370682901265,0.0072563465966585675,0.03510425418331904,0.30480147213298747,0.020017655233222426,0.02279602500365377,0.026524008971648493,0.06005296569966728
