meanF0,stdevF0,hnr,localJitter,localabsoluteJitter,rapJitter,ppq5Jitter,ddpJitter,localShimmer,localdbShimmer,apq3Shimmer,aqpq5Shimmer,apq11Shimmer,ddaShimmer
139.30081846672365,6.22476987954537,20.365072271483577,0.012762038348192102,9.163995416533745e-05,0.007127944368901398,0.0076594281107599076,0.021383833106704192,0.13471074569950317,1.1750328132399013,0.07800487466355155,0.08378468631075403,0.09113670094814563,0.23401462399065465
