meanF0,stdevF0,hnr,localJitter,localabsoluteJitter,rapJitter,ppq5Jitter,ddpJitter,localShimmer,localdbShimmer,apq3Shimmer,aqpq5Shimmer,apq11Shimmer,ddaShimmer
138.52892609532327,14.015233520554634,16.76965803381769,0.01757513958760575,0.00012699344735437506,0.00992873843280551,0.010149730139417558,0.02978621529841653,0.16864410483640463,1.4583496251950046,0.09419442081824132,0.1066479870141518,0.11514540508892905,0.282583262454724
