meanF0,stdevF0,hnr,localJitter,localabsoluteJitter,rapJitter,ppq5Jitter,ddpJitter,localShimmer,localdbShimmer,apq3Shimmer,aqpq5Shimmer,apq11Shimmer,ddaShimmer
104.84603788613182,3.545016345144301,22.418856012432542,0.007589628218019086,7.239641045557017e-05,0.0043307950073174515,0.004346133931725404,0.012992385021952355,0.06251757942791243,0.5434498716439472,0.03452739795264975,0.0403514084256429,0.050492991594013686,0.10358219385794926
