meanF0,stdevF0,hnr,localJitter,localabsoluteJitter,rapJitter,ppq5Jitter,ddpJitter,localShimmer,localdbShimmer,apq3Shimmer,aqpq5Shimmer,apq11Shimmer,ddaShimmer
108.38757188443537,1.3555814842461207,24.607109621596457,0.005223935654419102,4.819752879445332e-05,0.002987417223599587,0.0030461311615495533,0.008962251670798761,0.04787415868336921,0.41694166599808274,0.026757289482857324,0.030507744584948787,0.03702582819091009,0.08027186844857197
