Duration,meanF0,stdevF0,hnr,localJitter,localabsoluteJitter,rapJitter,ppq5Jitter,ddpJitter,localShimmer,localdbShimmer,apq3Shimmer,aqpq5Shimmer,apq11Shimmer,ddaShimmer
14.428083333333333,128.31598212327975,1.8794146301039025,25.744837840204728,0.004973009916861526,3.875624634275482e-05,0.0026397349297373387,0.002847508557547061,0.007919204789212016,0.06305884651615387,0.5520452617312938,0.035489566127314146,0.042896634880909376,0.060407873080975484,0.10646869838194244
