meanF0,stdevF0,hnr,localJitter,localabsoluteJitter,rapJitter,ppq5Jitter,ddpJitter,localShimmer,localdbShimmer,apq3Shimmer,aqpq5Shimmer,apq11Shimmer,ddaShimmer
126.65377573333664,2.2483629754448864,24.757941311045983,0.005176390821016108,4.086930925893656e-05,0.0026127514614946103,0.0027509118807315606,0.007838254384483831,0.05816433591284451,0.5163233928492789,0.03151422689072521,0.03837112157776614,0.05186388712868533,0.09454268067217562
