Duration,meanF0,stdevF0,hnr,localJitter,localabsoluteJitter,rapJitter,ppq5Jitter,ddpJitter,localShimmer,localdbShimmer,apq3Shimmer,aqpq5Shimmer,apq11Shimmer,ddaShimmer
20.139291666666665,187.90974005185615,3.6021961783837297,26.007946204658346,0.004758181671607447,2.5324218757164293e-05,0.002676457071775862,0.0028928830303061176,0.008029371215327586,0.03699236373433726,0.3278737825337882,0.020752415008213235,0.024592894183503168,0.03083109588507608,0.06225724502463971
