Duration,meanF0,stdevF0,hnr,localJitter,localabsoluteJitter,rapJitter,ppq5Jitter,ddpJitter,localShimmer,localdbShimmer,apq3Shimmer,aqpq5Shimmer,apq11Shimmer,ddaShimmer
14.197125,172.84074780527507,35.15924866010006,21.01190887041818,0.006983724627996034,4.0393447308799956e-05,0.0038293509435227495,0.004131823800596508,0.011488052830568248,0.062008691383420904,0.6049749601394051,0.03528699035538864,0.04267758433095671,0.05885047954061651,0.10586097106616592
