Duration,meanF0,stdevF0,hnr,localJitter,localabsoluteJitter,rapJitter,ppq5Jitter,ddpJitter,localShimmer,localdbShimmer,apq3Shimmer,aqpq5Shimmer,apq11Shimmer,ddaShimmer
13.6605625,158.96085732517636,17.60554678881903,20.224266718133784,0.010592535611869656,6.660164038767517e-05,0.006083525389311922,0.006370590166652974,0.018250576167935767,0.15315904640347194,1.3291099813631386,0.08408400478591249,0.09794126830432227,0.11096241409706967,0.2522520143577375
