meanF0,stdevF0,hnr,localJitter,localabsoluteJitter,rapJitter,ppq5Jitter,ddpJitter,localShimmer,localdbShimmer,apq3Shimmer,aqpq5Shimmer,apq11Shimmer,ddaShimmer
144.60613837759252,39.916418512200124,20.289347228561883,0.008089289536390614,5.582859816603611e-05,0.004589985585326227,0.004901369154040583,0.013769956755978682,0.13926997292724114,1.2258489813440563,0.0783669948626542,0.08937769786440254,0.10281705941025822,0.23510098458796258
