Duration,meanF0,stdevF0,hnr,localJitter,localabsoluteJitter,rapJitter,ppq5Jitter,ddpJitter,localShimmer,localdbShimmer,apq3Shimmer,aqpq5Shimmer,apq11Shimmer,ddaShimmer
9.886520833333334,152.44614480174744,28.236957574775147,20.945157536370147,0.013823263209807816,9.053036089430046e-05,0.008082685041066297,0.007823663706673577,0.024248055123198893,0.12644817757660878,1.1281487192542032,0.07089008196327613,0.08051097227046652,0.09605855187424721,0.2126702458898284
