meanF0,stdevF0,hnr,localJitter,localabsoluteJitter,rapJitter,ppq5Jitter,ddpJitter,localShimmer,localdbShimmer,apq3Shimmer,aqpq5Shimmer,apq11Shimmer,ddaShimmer
134.82264238166883,4.955001294466643,30.353701555198857,0.0033978278924167715,2.5204474382653613e-05,0.001874960375007665,0.00199023395278427,0.005624881125022995,0.027721053238672175,0.24594997531759227,0.013837581480128461,0.02277188654106277,0.032128121920507575,0.041512744440385385
