meanF0,stdevF0,hnr,localJitter,localabsoluteJitter,rapJitter,ppq5Jitter,ddpJitter,localShimmer,localdbShimmer,apq3Shimmer,aqpq5Shimmer,apq11Shimmer,ddaShimmer
134.8511608774009,3.7625186187503323,24.179545064495002,0.004253485634545651,3.153965336463922e-05,0.0024254962094558776,0.00256195401158205,0.007276488628367633,0.06347740470418221,0.5558922798253972,0.03565508366250631,0.041348484554139045,0.047052735850846655,0.10696525098751894
