meanF0,stdevF0,hnr,localJitter,localabsoluteJitter,rapJitter,ppq5Jitter,ddpJitter,localShimmer,localdbShimmer,apq3Shimmer,aqpq5Shimmer,apq11Shimmer,ddaShimmer
94.41752223714506,2.737851024386122,25.210697756344008,0.010478126969942202,0.00011098489464959797,0.0053592894594689956,0.0063866345229137665,0.01607786837840699,0.06807701418215666,0.6249788547630544,0.037661922394905976,0.04779462496977281,0.0691776185234504,0.11298576718471792
