meanF0,stdevF0,hnr,localJitter,localabsoluteJitter,rapJitter,ppq5Jitter,ddpJitter,localShimmer,localdbShimmer,apq3Shimmer,aqpq5Shimmer,apq11Shimmer,ddaShimmer
99.03992721571636,1.5264189552152692,24.671922927597176,0.006452529472313613,6.515423260191622e-05,0.0034546628169069803,0.00390481360554238,0.01036398845072094,0.05713502001924376,0.49969896927352747,0.030608257218809398,0.039387958835391,0.05786758988987456,0.09182477165642819
