Duration,meanF0,stdevF0,hnr,localJitter,localabsoluteJitter,rapJitter,ppq5Jitter,ddpJitter,localShimmer,localdbShimmer,apq3Shimmer,aqpq5Shimmer,apq11Shimmer,ddaShimmer
7.810645833333333,99.22073500713977,1.7753398553864743,23.17384895537845,0.006786804682980374,6.8408884290488e-05,0.0035984514689471644,0.004061258780259937,0.010795354406841493,0.052203917979409986,0.45719236542060593,0.026103237604745283,0.033833753246270526,0.05456472163836997,0.07830971281423585
