meanF0,stdevF0,hnr,localJitter,localabsoluteJitter,rapJitter,ppq5Jitter,ddpJitter,localShimmer,localdbShimmer,apq3Shimmer,aqpq5Shimmer,apq11Shimmer,ddaShimmer
159.73323543781873,4.395114578355423,23.56951835166375,0.006387127205526444,3.9984341921148806e-05,0.0037051273690853334,0.003819596216078344,0.011115382107256,0.05525843208403197,0.4780333919440947,0.03129655929693157,0.03510957664184918,0.040913814102691806,0.09388967789079472
