Duration,meanF0,stdevF0,hnr,localJitter,localabsoluteJitter,rapJitter,ppq5Jitter,ddpJitter,localShimmer,localdbShimmer,apq3Shimmer,aqpq5Shimmer,apq11Shimmer,ddaShimmer
15.767666666666667,166.17598902044006,5.3689916610480335,21.64814017145648,0.0066265170355167885,3.98771138383959e-05,0.003805249251938884,0.003914813635500424,0.011415747755816653,0.06598900619023337,0.5781186111398151,0.037590735966709504,0.04225854930394393,0.04680474764268458,0.11277220790012851
