Duration,meanF0,stdevF0,hnr,localJitter,localabsoluteJitter,rapJitter,ppq5Jitter,ddpJitter,localShimmer,localdbShimmer,apq3Shimmer,aqpq5Shimmer,apq11Shimmer,ddaShimmer
8.511416666666667,135.76689858020018,1.9256351731626327,17.850062392883185,0.013501454885278876,9.943913369039309e-05,0.008012587371202728,0.008238921309598529,0.024037762113608183,0.17417893345353586,1.5166203720064446,0.09539372822345964,0.10708982772908265,0.10898688389300268,0.2861811846703789
