meanF0,stdevF0,hnr,localJitter,localabsoluteJitter,rapJitter,ppq5Jitter,ddpJitter,localShimmer,localdbShimmer,apq3Shimmer,aqpq5Shimmer,apq11Shimmer,ddaShimmer
158.51532206667858,1.662144807757909,28.002522351353665,0.004117491761983345,2.597573022937631e-05,0.0023471393943359426,0.00242827479920772,0.007041418183007828,0.059036724924126,0.5145508339889066,0.03419741932848237,0.03711212070299617,0.03928515100601014,0.10259225798544712
