meanF0,stdevF0,hnr,localJitter,localabsoluteJitter,rapJitter,ppq5Jitter,ddpJitter,localShimmer,localdbShimmer,apq3Shimmer,aqpq5Shimmer,apq11Shimmer,ddaShimmer
160.62888711581158,5.164398522576155,27.44238733867861,0.0043276028835473376,2.695936337210479e-05,0.0023220172985487938,0.0024544132264257743,0.006966051895646381,0.04949557559217938,0.4330347938882011,0.027785819838096654,0.03260047391663555,0.04301688475224468,0.08335745951428997
