meanF0,stdevF0,hnr,localJitter,localabsoluteJitter,rapJitter,ppq5Jitter,ddpJitter,localShimmer,localdbShimmer,apq3Shimmer,aqpq5Shimmer,apq11Shimmer,ddaShimmer
199.76170001654006,31.613258867435974,23.968377883298874,0.005966197955348839,2.979020446380164e-05,0.0033766424916830406,0.0034781017090336954,0.010129927475049122,0.03759064942547933,0.3310644128570386,0.020487997420272505,0.025218329121515094,0.03673930989390288,0.061463992260817515
