meanF0,stdevF0,hnr,localJitter,localabsoluteJitter,rapJitter,ppq5Jitter,ddpJitter,localShimmer,localdbShimmer,apq3Shimmer,aqpq5Shimmer,apq11Shimmer,ddaShimmer
192.39459081242404,37.31390833925094,21.375484812809074,0.009333847529494767,4.850183569546741e-05,0.005330128691695204,0.0054811320940407054,0.01599038607508561,0.05409754131277253,0.48687604131624446,0.029333923811048445,0.036613942814710546,0.05058509992579393,0.08800177143314533
