Duration,meanF0,stdevF0,hnr,localJitter,localabsoluteJitter,rapJitter,ppq5Jitter,ddpJitter,localShimmer,localdbShimmer,apq3Shimmer,aqpq5Shimmer,apq11Shimmer,ddaShimmer
14.1489375,119.95428721580821,8.946774009182853,18.75018153019192,0.007986271855546788,6.662401336131975e-05,0.004109803407096686,0.004638481012351023,0.012329410221290058,0.07785446859290919,0.6864926853499739,0.042194661376484956,0.05036998144293959,0.06416787722389893,0.12658398412945487
