Duration,meanF0,stdevF0,hnr,localJitter,localabsoluteJitter,rapJitter,ppq5Jitter,ddpJitter,localShimmer,localdbShimmer,apq3Shimmer,aqpq5Shimmer,apq11Shimmer,ddaShimmer
13.8401875,121.14946548011798,7.566560309977334,20.474897967107253,0.007325339516549487,6.047048982628919e-05,0.003866739976670379,0.004186201962754099,0.011600219930011136,0.08674637763413175,0.7525212149910356,0.048641710324616665,0.05552825902443572,0.06932408227861186,0.14592513097385
