Duration,meanF0,stdevF0,hnr,localJitter,localabsoluteJitter,rapJitter,ppq5Jitter,ddpJitter,localShimmer,localdbShimmer,apq3Shimmer,aqpq5Shimmer,apq11Shimmer,ddaShimmer
22.958645833333332,236.65218623074256,5.448303467471595,27.583313645477585,0.00427262018675416,1.8057514880129085e-05,0.0025304950709392313,0.002739053748591743,0.007591485212817694,0.03475577332492535,0.30197038868334974,0.019205581072152967,0.024660784850299725,0.03684829466153976,0.057616743216458904
