Duration,meanF0,stdevF0,hnr,localJitter,localabsoluteJitter,rapJitter,ppq5Jitter,ddpJitter,localShimmer,localdbShimmer,apq3Shimmer,aqpq5Shimmer,apq11Shimmer,ddaShimmer
26.905395833333333,234.48100877094794,3.166988245781813,26.58420951590158,0.004609168744924953,1.9656558572987312e-05,0.002883849207936767,0.002783490516106874,0.008651547623810301,0.03627614746059,0.31603279297776393,0.020141914236886094,0.023624083785121767,0.029423389358745992,0.06042574271065829
