meanF0,stdevF0,hnr,localJitter,localabsoluteJitter,rapJitter,ppq5Jitter,ddpJitter,localShimmer,localdbShimmer,apq3Shimmer,aqpq5Shimmer,apq11Shimmer,ddaShimmer
138.42362471088163,1.8469008548576706,27.960716606271138,0.004005954055984395,2.8937604466079347e-05,0.002048851502392325,0.0022449726280615928,0.006146554507176976,0.03111948687926823,0.2757276881669176,0.016423007958948577,0.021589282763488333,0.03277192354348631,0.04926902387684573
