meanF0,stdevF0,hnr,localJitter,localabsoluteJitter,rapJitter,ppq5Jitter,ddpJitter,localShimmer,localdbShimmer,apq3Shimmer,aqpq5Shimmer,apq11Shimmer,ddaShimmer
140.34002167715943,1.9624570804369605,29.45719000601573,0.008013170576489507,5.709737019102875e-05,0.004611783619223825,0.005177148777994048,0.013835350857671475,0.03630770861601852,0.31642597606180667,0.020481792956650455,0.02443324684979597,0.027846406235070807,0.06144537886995137
